Type,Name,Request Count,Failure Count,Median Response Time,Average Response Time,Min Response Time,Max Response Time,Average Content Size,Requests/s,Failures/s,50%,66%,75%,80%,90%,95%,98%,99%,99.9%,99.99%,100%
GET,GET /result [100KB],354,0,170,175.70774254527555,165.94348500075284,689.0279310027836,442.0819209039548,6.139562089247889,0.0,170,180,180,180,180,180,180,180,690,690,690
POST,POST /process [100KB],5,0,1100,1067.855561201577,1009.1977300035069,1130.6181819963967,83.0,0.08671697866169334,0.0,1100,1100,1100,1100,1100,1100,1100,1100,1100,1100,1100
E2E,pipeline [100KB],1,0,34820.18184661865,34820.18184661865,34820.18184661865,34820.18184661865,0.0,0.01734339573233867,0.0,35000,35000,35000,35000,35000,35000,35000,35000,35000,35000,35000
,Aggregated,360,0,170,284.33333476015025,165.94348500075284,34820.18184661865,435.8666666666667,6.243622463641921,0.0,170,180,180,180,180,180,190,1100,35000,35000,35000
